1,GKA
2,MAG
3,HGU
4,LAE
5,POM
6,WWK
7,UAK
8,GOH
9,SFJ
10,THU
11,AEY
12,EGS
15,IFJ
16,KEF
18,RKV
21,YAM
24,YAY
27,YBC
28,YBG
29,YBK
30,YBL
31,YBR
32,YCB
33,YCD
34,YCG
36,YCL
37,YCO
40,YCY
41,YZS
45,YDF
48,YDQ
49,YEG
50,YEK
54,YEV
55,YFB
56,YFC
58,YFO
60,YFS
61,YGK
62,YGL
63,YGP
64,YGQ
65,YGR
67,YHD
68,YHI
69,YHK
70,YHM
71,YHU
72,YHY
73,YHZ
75,YIO
77,YJT
78,YKA
79,YKF
80,YKL
85,YLL
87,YLW
90,YMM
91,YMO
94,YNA
99,YOJ
100,YOW
105,YPL
106,YPN
108,YPR
109,YPY
111,YQB
112,YQF
113,YQG
115,YQK
116,YQL
117,YQM
119,YQQ
120,YQR
121,YQT
122,YQU
125,YQX
126,YQY
127,YQZ
128,YRB
130,YRJ
132,YRT
133,YSB
135,YSJ
136,YSM
139,YSY
140,YTE
141,YTH
143,YTS
144,YTZ
145,YUB
146,YUL
147,YUT
148,YUX
149,YUY
152,YVM
153,YVO
154,YVP
155,YVQ
156,YVR
160,YWG
161,YWK
162,YWL
164,YXC
166,YXE
167,YXH
168,YXJ
169,YXL
170,YXP
172,YXS
173,YXT
174,YXU
175,YXX
176,YXY
177,YYB
178,YYC
179,YYD
180,YYE
181,YYF
182,YYG
183,YYH
184,YYJ
187,YYQ
188,YYR
189,YYT
190,YYU
192,YYY
193,YYZ
196,YZF
198,YZP
199,YZR
200,YZT
202,YZV
206,ZFM
209,BJA
210,ALG
211,DJG
214,VVZ
216,TMR
220,AAE
221,CZL
230,TLM
231,ORN
235,BSK
237,GHA
243,OGX
245,COO
246,OUA
247,BOY
248,ACC
249,TML
252,TKD
253,ABJ
260,ABV
262,BNI
263,CBQ
264,ENU
266,IBA
267,ILR
268,JOS
269,KAD
270,KAN
271,MIU
273,LOS
275,PHC
276,SKO
277,YOL
280,NIM
286,MIR
287,TUN
293,DJE
295,SFA
296,TOE
298,LFW
299,ANR
302,BRU
304,CRL
337,SXF
338,DRS
339,ERF
340,FRA
341,FMO
342,HAM
344,CGN
345,DUS
346,MUC
347,NUE
348,LEJ
349,SCN
350,STR
351,TXL
352,HAJ
353,BRE
355,HHN
364,LBC
371,PAD
373,DTM
382,FDH
410,GWT
412,KDL
413,URE
415,TLL
416,TAY
421,HEL
428,IVL
429,JOE
430,JYV
432,KEM
433,KAJ
435,KOK
437,KAO
438,KTT
439,KUO
441,LPP
442,MHQ
446,OUL
448,POR
453,RVN
455,SVL
458,TMP
460,TKU
462,VAA
463,VRK
465,BFS
467,BHD
468,LDY
469,BHX
472,GLO
478,MAN
481,NQY
488,CWL
490,BRS
491,LPL
492,LTN
494,BOH
495,SOU
497,ACI
498,GCI
499,JER
502,LGW
503,LCY
507,LHR
508,SEN
510,MSE
514,BLK
515,HUY
517,LBA
520,IOM
521,NCL
522,MME
523,EMA
529,KOI
530,LSI
531,WIC
532,ABZ
533,INV
534,GLA
535,EDI
536,ILY
537,PIK
538,BEB
540,DND
541,SYY
542,TRE
545,CBG
547,NWI
548,STN
552,EXT
579,MPN
580,AMS
582,MST
585,EIN
586,GRQ
591,RTM
596,ORK
599,DUB
600,NOC
601,KIR
603,SNN
605,WAT
607,AAR
608,BLL
609,CPH
610,EBJ
612,KRP
618,RNN
619,SGD
625,FAE
628,AAL
629,LUX
630,AES
631,ANX
632,ALF
634,BNN
635,BOO
636,BGO
637,BJF
638,KRS
640,BDU
641,EVE
642,VDB
643,FRO
644,OSL
645,HAU
646,HAA
647,KSU
649,KKN
651,MOL
652,MJF
653,LKL
655,OLA
656,RRS
657,RYG
658,LYR
659,SKE
660,SRP
662,SSJ
663,TOS
664,TRF
665,TRD
666,SVG
668,GDN
669,KRK
671,KTW
674,POZ
675,RZE
676,SZZ
679,WAW
680,WRO
685,RNB
687,GOT
688,JKG
691,GSE
693,THN
698,MXX
699,NYO
703,KID
705,OSK
707,KLR
708,MMX
709,HAD
711,VXO
714,EVG
715,GEV
718,KRF
719,LYC
721,SDL
722,OER
724,KRN
726,SFT
728,UME
729,VHM
730,AJR
731,ORB
733,VST
734,LLA
737,ARN
738,BMA
739,BLE
742,LPI
743,NRK
746,VBY
772,RLG
794,BFN
797,CPT
799,DUR
800,ELS
804,GRJ
811,HDS
813,JNB
815,KIM
820,HLA
838,PLZ
840,PHW
841,PTG
843,PZB
849,RCB
865,UTN
866,UTT
877,FRW
879,BBK
880,MUB
881,GBE
883,BZV
886,PNR
887,MTS
888,BGF
890,BSG
891,SSG
893,MRU
894,RRG
897,DLA
898,MVR
901,GOU
906,LVI
907,LUN
908,MFU
910,NLA
912,HAH
914,AJN
915,DZA
916,RUN
917,ZSE
918,TNR
920,SMS
921,TMM
922,MOQ
923,DIE
924,WMR
927,ANM
929,MJN
930,NOS
932,WMN
933,SVB
937,FTU
943,TLE
944,SSY
946,CAB
948,NOV
949,SVP
951,LAD
952,MEG
953,SPP
957,VHC
958,SZA
959,SDD
960,LUO
967,POG
970,LBV
973,TMS
974,BEW
976,INH
977,VXC
979,MPM
984,APL
985,POL
986,UEL
988,TET
990,VNX
994,SEZ
995,PRI
999,NDJ
1001,BUQ
1004,VFA
1005,HRE
1013,BLZ
1016,LLW
1018,MSU
1020,FIH
1026,MDK
1028,GMA
1031,FKI
1032,IRP
1033,BUX
1035,BKY
1036,GOM
1037,KND
1038,FBM
1040,FMI
1042,KGA
1043,MJM
1044,BKO
1050,BJL
1051,FUE
1052,VDE
1053,SPC
1054,LPA
1055,ACE
1056,TFS
1057,TFN
1058,MLN
1059,FNA
1062,MLW
1063,ROB
1064,AGA
1065,TTA
1066,FEZ
1070,OUD
1072,RBA
1074,CMN
1075,RAK
1077,OZZ
1078,AHU
1079,TTU
1080,TNG
1081,ZIG
1084,DKR
1094,NKC
1097,NDB
1102,SID
1103,BVC
1104,MMO
1105,SNE
1106,VXE
1107,ADD
1109,AMH
1110,AXU
1111,BJR
1112,DIR
1113,GMB
1114,GDQ
1116,JIM
1117,LLI
1118,MQX
1119,ASO
1120,BJM
1121,HGA
1122,BBO
1127,ABS
1128,CAI
1130,HRG
1132,LXR
1136,ASW
1138,EDL
1140,KIS
1143,LOK
1144,LAU
1145,MBA
1147,WIL
1149,WJR
1152,GHT
1153,AKF
1154,BEN
1156,SEB
1157,TIP
1162,LTD
1165,KGL
1166,KME
1169,ELF
1173,JUB
1175,KRT
1176,ARK
1177,DAR
1180,JRO
1182,MYW
1183,MWZ
1186,ZNZ
1187,EBB
1190,TIA
1191,BOJ
1193,PDV
1194,SOF
1196,VAR
1197,LCA
1198,PFO
1200,DBV
1202,OSI
1203,PUY
1206,SPU
1208,ZAG
1209,ZAD
1212,ALC
1213,LEI
1214,OVD
1216,BIO
1218,BCN
1219,BJZ
1220,LCG
1222,GRO
1223,GRX
1225,IBZ
1226,XRY
1227,MJV
1229,MAD
1230,AGP
1231,MAH
1234,PNA
1236,REU
1238,SLM
1242,EAS
1243,SCQ
1246,VLC
1247,VLL
1250,VGO
1251,SDR
1252,ZAZ
1253,SVQ
1262,AGF
1264,BOD
1265,EGC
1268,PIS
1270,LIG
1273,TLS
1274,PUF
1276,LDE
1278,BVE
1279,PGX
1280,BIQ
1285,DCM
1289,RDZ
1309,DLE
1313,LPY
1320,ETZ
1321,BIA
1322,CLY
1323,FSC
1324,AJA
1330,CFE
1335,LYS
1344,AUR
1350,EBU
1352,CCF
1353,MRS
1354,NCE
1356,PGF
1359,MPL
1360,BZR
1367,BVA
1371,LEH
1374,XCR
1376,TUF
1382,CDG
1386,ORY
1399,LIL
1403,BES
1405,DNR
1408,DOL
1409,LRT
1412,CFR
1415,RNS
1416,LAI
1417,UIP
1418,NTE
1423,MLH
1425,DIJ
1427,EPL
1435,SXB
1438,TLN
1439,FNI
1441,FSP
1446,AXD
1450,JKH
1451,IOA
1452,HER
1453,KSO
1454,KIT
1455,EFL
1456,KLX
1458,KGS
1459,AOK
1460,CFU
1461,KSJ
1462,KVA
1463,KZI
1464,LRS
1465,LXS
1468,JMK
1469,MJT
1470,PVK
1472,RHO
1474,CHQ
1475,JSI
1476,SMI
1479,JTR
1480,JSH
1482,SKU
1486,SKG
1488,ZTH
1489,BUD
1490,DEB
1500,CRV
1501,BRI
1505,PSR
1506,BDS
1508,SUF
1509,CTA
1510,LMP
1511,PNL
1512,PMO
1514,REG
1515,TPS
1517,AHO
1519,CAG
1520,OLB
1524,MXP
1525,BGY
1526,TRN
1528,GOA
1529,LIN
1531,PMF
1534,CUF
1536,BZO
1538,BLQ
1539,TSF
1545,TRS
1546,RMI
1550,VRN
1551,VCE
1553,CIA
1555,FCO
1561,NAP
1562,PSA
1563,FLR
1567,PEG
1569,LJU
1579,KLV
1582,OSR
1584,PED
1587,PRG
1588,BRQ
1590,TLV
1594,ETH
1602,VDA
1605,SDV
1606,MLA
1609,GRZ
1610,INN
1611,LNZ
1612,SZG
1613,VIE
1617,SMA
1625,FLW
1626,FAO
1627,GRW
1628,HOR
1629,TER
1633,PDL
1634,PIX
1636,OPO
1637,PXO
1638,LIS
1639,SJZ
6883,PDT
1646,SJJ
1647,ARW
1648,BCM
1649,BAY
1651,CND
1652,CLJ
1654,CRA
1655,IAS
1656,OMR
1657,OTP
1658,SBZ
1659,SUJ
1662,TGM
1663,TSR
1665,GVA
1675,LUG
1676,BRN
1678,ZRH
1679,ACH
1682,ESB
1685,ADA
1688,AYT
1689,GZT
1691,KYA
1693,MZH
1694,VAS
1695,MLX
1696,ASR
1699,DNZ
1701,IST
1706,ADB
1715,DLM
6881,RIW
1721,EZS
1722,DIY
1723,ERC
1724,ERZ
1726,TZX
6880,MTJ
1728,VAN
1729,BAL
1735,KIV
1737,SKP
1738,GIB
1739,BEG
1741,TGD
1742,PRN
1743,TIV
1745,BTS
1746,KSC
1754,PLS
1755,XSC
1759,LRM
1760,PUJ
1761,POP
1762,SDQ
1764,STI
1767,GUA
1771,LCE
1772,SAP
1773,GJA
1774,RTB
1776,TGU
1779,KIN
1780,MBJ
1783,ACA
1785,AGU
1786,HUX
1789,CME
1792,CUL
1793,CTM
1794,CEN
1795,CPE
1796,CJS
1797,CUU
1798,CVM
1800,CZM
1801,DGO
1802,TPQ
1804,GDL
1807,HMO
1808,CLQ
1810,SLW
1813,LZC
1814,LMM
1815,BJX
1816,LAP
1817,LTO
1818,MAM
1819,MID
1820,MXL
1821,MLM
1822,MTT
1824,MEX
1825,MTY
1826,MZT
1828,NLD
1829,OAX
1830,PAZ
1831,PBC
1833,PPE
1834,PDS
1835,UPN
1836,PVR
1837,PXM
1838,QRO
1839,REX
1840,SJD
1842,SLP
1845,TRC
1846,TGZ
1847,TIJ
1848,TAM
1850,TLC
1851,TAP
1852,CUN
1853,VSA
1854,VER
1855,ZCL
1856,ZIH
1858,ZLO
1863,MGA
1865,BOC
1866,CHX
1867,DAV
1869,PAC
1871,PTY
1879,GLF
1881,LIR
1884,NOB
1885,SJO
1887,PMZ
1889,XQP
1892,SAL
1895,CAP
1897,PAP
1898,BCA
1899,BYM
1902,CFG
1903,CYO
1904,CMW
1905,SCU
1908,GAO
1909,HAV
1910,HOG
1912,MOA
1913,MZO
1914,GER
1918,SNU
1923,VRA
1925,CYB
1926,GCM
1930,MHH
1932,AXP
1934,TCB
1937,BIM
1941,GGT
1943,ELH
1944,GHB
1946,RSD
1948,FPO
1949,IGA
1950,LGI
1951,SML
1952,MYG
1953,NAS
1956,ZSA
1957,BZE
1958,AIT
1959,RAR
1960,NAN
1961,SUV
1963,TBU
1965,TRW
1968,WLS
1969,APW
1970,PPG
1971,RUR
1972,TUB
1975,TIH
1977,FAV
1978,XMH
1979,GMR
1980,KKR
1981,MKP
1983,TKP
1984,AXR
1985,MVT
1986,TKX
1987,NHV
1989,BOB
1990,RGI
1991,HUH
1992,MOZ
1993,HOI
1994,MAU
1995,RFP
1997,VLI
1998,KNQ
1999,KOC
2000,LIF
2001,GEA
2002,MEE
2003,TOU
2004,UVE
2005,NOU
2006,AKL
2007,TUO
2009,CHC
2011,DUD
2012,GIS
2014,HKK
2015,HLZ
2017,KKE
2018,KAT
2022,MRO
2023,NPL
2024,NSN
2025,IVC
2028,PMR
2029,PPQ
2030,ZQN
2031,ROT
2034,TRG
2035,TIU
2037,BHE
2041,WHK
2042,WLG
2045,WRE
2046,WSZ
2047,WAG
2048,HEA
2050,KBL
2051,KDH
2053,MZR
2057,BAH
2059,AHB
2060,HOF
2061,ABT
2062,BHH
2064,DMM
2066,GIZ
2067,ELQ
2068,URY
2069,HAS
2072,JED
2074,MED
2075,EAM
2076,AQI
2081,RAH
2082,RUH
2084,RAE
2086,SHW
6808,DGE
2089,TUU
2090,TIF
2093,TUI
2095,EJH
2096,YNB
2097,ABD
2103,MRX
2104,AWZ
2106,BUZ
2109,KIH
2110,BDH
2114,KSH
2117,SDG
2123,RAS
2131,THR
2134,BND
2136,KER
2142,XBJ
2151,RZR
2157,SYZ
2162,TBZ
2164,AZD
2166,ZBR
2167,ZAH
2170,AMM
2172,AQJ
2176,KWI
2177,BEY
2179,AUH
2180,AZI
2188,DXB
2189,FJR
2190,RKT
2191,SHJ
2192,KHS
2194,MCT
2195,SLL
2202,LYP
2203,GWD
2204,GIL
2206,KHI
2207,LHE
2212,MJD
2214,MUX
2217,PJG
2219,PEW
2221,UET
2222,RYK
2223,ISB
2227,SKZ
2233,PZH
2234,BSR
2241,DOH
2243,ROP
2244,SPN
2246,GUM
2249,MAJ
2251,KWA
2252,CXI
2254,TKK
2255,PNI
2256,ROR
2257,KSA
2258,YAP
2259,KNH
2262,TTT
2264,KHH
2268,RMQ
2270,TNN
2272,MZG
2275,TSA
2276,TPE
2278,HUN
2279,NRT
2280,MMJ
2281,IBR
2284,SHM
2286,OBO
2287,CTS
2288,HKD
2290,MMB
2291,SHB
2294,WKJ
2295,IKI
2296,UBJ
2297,TSJ
2298,MBE
2299,AKJ
2304,FUJ
2305,FUK
2307,KOJ
2308,KMI
2310,OIT
2311,KKJ
2312,KMJ
2313,NGS
2316,ASJ
2322,KMQ
2324,TOY
2326,HIJ
2327,OKJ
2328,IZO
2330,YGJ
2332,KCZ
2333,MYJ
2334,ITM
2335,TTJ
2336,TKS
2337,TAK
2340,AOJ
2341,GAJ
2344,HNA
2345,AXT
2346,MSJ
2347,SDJ
2352,HAC
2356,OIM
2359,HND
2361,KWJ
2365,RSU
2370,CJU
2372,PUS
2374,USN
2378,GMP
2380,KPO
2381,TAE
2384,OKA
2387,ISG
2388,UEO
2390,MMY
2397,MNL
2399,CBO
2400,CGY
2401,PAG
2404,ZAM
2422,TAC
2423,BCD
2425,DGT
2429,ILO
2430,KLO
2433,PPS
2435,SJI
2440,ROS
2441,SFN
2442,AEP
2443,COR
2452,MDZ
2454,AFA
2455,CTC
2456,SDE
2458,IRJ
2460,TUC
2461,UAQ
2467,LUQ
2468,CNQ
2469,RES
2470,FMA
2471,IGR
2474,PSS
2476,SLA
2477,JUJ
2487,CRD
2488,EQS
2490,REL
2491,VDM
2492,PMY
2495,RGA
2496,RGL
2497,USH
2501,BHI
6851,IWD
2508,MDQ
2509,NQN
2512,RSA
2513,BRC
2517,CPC
2518,CDJ
2522,AJU
2524,AFL
2525,ARU
2526,BEL
2528,PLU
2531,BSB
2533,BVB
2535,CAC
2537,CNF
2538,CGR
2539,XAP
2541,CCM
2543,CAW
2544,CMG
2545,CWB
2547,CXJ
2548,CGB
2549,CZS
2550,PPB
2551,MAO
2554,IGU
2555,FLN
2556,FEN
2559,FOR
2560,GIG
2562,GYN
2564,GRU
2566,ATM
2569,IOS
2570,IPN
2572,IMP
2574,JDF
2575,JPA
2576,JOI
2577,CPV
2578,VCP
2581,LDB
2582,LAZ
2584,MAB
2586,MGF
2587,MOC
2590,MCZ
2591,MCP
2594,MNX
2595,NVT
2596,GEL
2597,NAT
2599,POA
2602,PFB
2603,PET
2604,PNZ
2607,PVH
2609,RBR
2610,REC
2611,RIG
2612,SDU
2613,RAO
2615,SJK
2616,SLZ
2618,CGH
2619,SJP
2621,SSA
2622,TMT
2623,THE
2624,TFF
2628,TBT
2629,TUR
2632,URG
2633,UDI
2635,UBA
2636,VAG
2637,BVH
2638,VIX
2641,ARI
2642,BBA
2645,CJC
2647,PUQ
2649,IQQ
2650,SCL
2651,ANF
2656,CCP
2657,IPC
2658,ZOS
2662,LSC
2664,ZCO
2665,PMC
2667,ZAL
2670,OCC
2671,CUE
2672,GPS
2673,GYE
2680,XMS
2683,MEC
2688,UIO
2697,TUA
2699,ASU
2705,AXM
2706,PUU
2708,BGA
2709,BOG
2710,BAQ
2711,BSC
2712,BUN
2713,CUC
2714,CTG
2715,CLO
2716,TCO
2718,EJA
2719,FLA
2722,GPI
2724,IBE
2725,IPI
2728,LET
2729,EOH
2731,MTR
2732,MVP
2733,MZL
2734,NVA
2738,PCR
2739,PEI
2741,PPN
2742,PSO
2743,PVA
2745,MDE
2746,RCH
2747,SJE
2748,SMR
2749,ADZ
2750,SVI
2751,TME
2752,AUC
2753,UIB
2755,VUP
2756,VVC
2759,CBB
2761,CIJ
2762,LPB
2764,POI
2765,PSZ
2767,SRE
2768,TJA
2769,TDD
2771,VVI
2772,BYC
2773,PBM
2774,CAY
2781,PCL
2785,CIX
2786,AYP
2787,ANS
2788,ATA
2789,LIM
2792,JUL
2796,TBP
2801,IQT
2802,AQP
2804,TRU
2806,TPP
2807,TCQ
2808,PEM
2809,PIU
2812,CUZ
2816,MVD
2817,STY
2821,BLA
2822,BNS
2824,BRM
2830,CAJ
2833,CZE
2844,LSP
2848,MAR
2849,MRD
2850,PMV
2851,CCS
2852,MUN
2853,PYH
2856,PZO
2858,SVZ
2861,STD
2864,SOM
2868,VLN
2870,VLV
2874,ANU
2875,BGI
2877,DOM
2878,FDF
2879,SFG
2881,PTP
2882,GND
2883,STT
2884,STX
2885,BQN
2888,MAZ
2889,PSE
2890,SJU
2891,SKB
2893,SLU
2894,UVF
2895,AUA
2896,BON
2897,CUR
2898,EUX
2899,SXM
2900,AXA
2901,TAB
2902,POS
2903,EIS
6839,AET
2907,SVD
2908,ALA
2910,TSE
2911,DMB
2912,FRU
2913,OSS
2914,CIT
6803,YAK
2916,URA
2917,PWQ
2918,PLX
2920,AKX
2922,GYD
2923,YKS
2925,MJZ
2926,BQS
2927,KHV
6838,MQT
2930,GDX
2931,PWE
2932,PKC
2933,UUS
2934,VVO
2935,HTA
2936,BTK
2937,IKT
2938,UUD
2939,KBP
2940,DOK
2941,DNK
2942,SIP
2944,IEV
2945,LWO
6837,IMT
2947,ODS
2948,LED
2949,MMK
2952,KGD
2954,MSQ
2955,ABA
2956,BAX
2957,KEJ
2958,OMS
2960,KRR
2961,MCX
2962,MRV
2963,STW
2964,ROV
2965,AER
2966,ASF
2967,VOG
2968,CEK
2969,MQF
2972,NJC
2973,PEE
2974,SGC
2975,SVX
2976,ASB
2979,DYU
2980,BHK
2981,SKD
2983,TAS
2985,SVO
2987,VOZ
2988,VKO
2989,SCW
2990,KZN
2991,REN
2992,UFA
2994,AMD
2996,IXU
2997,BOM
2999,BHJ
3000,IXG
3001,BDQ
3002,BHO
3003,BHU
3007,GOI
3008,IDR
3009,JLR
3010,JGA
3012,HJR
3015,NAG
3017,PNQ
3018,PBD
3019,RAJ
3020,RPR
3022,STV
3023,UDR
3024,CMB
3034,PNH
3035,REP
3038,IXA
3039,AJL
3040,IXB
3042,BBI
3043,CCU
6800,ESC
3048,GAY
3050,IMF
3053,JRH
3055,IXS
3061,PAT
3063,IXR
3066,VTZ
3068,CXB
3069,CGP
3071,JSR
3072,RJH
3073,SPD
3074,ZYL
3076,DAC
3077,HKG
3079,AGR
3080,IXD
3081,ATQ
3084,VNS
3085,KUU
3089,IXC
3092,DED
3093,DEL
3094,GWL
3097,JDH
3098,JAI
3100,IXJ
3101,KNU
3103,LUH
3104,IXL
3105,LKO
3112,SXR
3115,LPQ
3116,PKZ
3118,ZVK
3120,VTE
3121,MFM
3122,BWA
3125,KTM
3127,PKR
3129,BIR
3130,AGX
3131,BLR
3134,VGA
3135,CJB
3136,COK
3137,CCJ
3141,HYD
3142,IXM
3143,IXE
3144,MAA
3146,IXZ
3147,PNY
3148,RJA
3151,TIR
3152,TRZ
3153,TRV
3155,PBH
3156,MLE
3157,DMK
3886,NAH
3161,UTP
3163,LPT
3164,PRH
3165,HHQ
3170,PHS
3173,NAW
3174,KBV
3177,USM
3179,HKT
3181,HDY
3182,TST
3183,UTH
3184,SNO
3186,LOE
3196,DAD
3199,HAN
3205,SGN
3213,HEH
3215,KET
6825,MWA
3217,KYP
3220,LSH
3222,MDL
3223,MGZ
3224,MYT
3232,PBU
3235,AKY
3236,SNW
3237,THL
3239,RGN
3240,UPG
3241,BIK
3242,NBX
3243,TIM
3244,DJJ
3245,WMX
3246,MKQ
3247,GTO
3930,ICN
3249,PLW
3250,MDC
3251,PSJ
3253,TTE
3254,LUW
3256,AMQ
3257,FKQ
3258,KNG
3259,BXB
3260,MKW
3261,SOQ
3262,BTU
3263,KCH
3264,LMN
3265,MUR
3266,MYY
3267,SBW
3268,LDU
3269,BKI
3270,LBU
3271,TWU
3272,BWN
3273,PKU
3275,CGK
3278,PDG
3282,KTG
3284,PNK
3287,DJB
3288,BKS
3289,PLM
3294,BTJ
3296,AOR
3298,KBR
3299,KUA
3300,KTE
3302,IPH
3303,JHB
3304,KUL
3305,LGK
3307,TGG
3308,PEN
3310,DIL
3316,SIN
3318,ABM
3319,ASP
3320,BNE
3321,OOL
3322,CNS
3323,CTL
3324,ISA
3325,MCY
3326,MKY
3328,PPP
3329,ROK
3330,TSV
3331,WEI
3332,AVV
3333,ABX
3334,MEB
3336,HBA
3337,LST
3339,MEL
3341,ADL
3345,KTA
3346,KGI
3347,KNX
3348,LEA
3349,PHE
3351,PER
3353,XCH
3355,CBR
3356,CFS
3358,DBO
3359,NLK
3360,RCM
3361,SYD
3362,TMW
3363,WGA
3364,PEK
3366,HLD
3368,TSN
3369,TYN
3370,CAN
3371,CSX
3372,KWL
3373,NNG
3374,SZX
3375,CGO
3376,WUH
3377,FNJ
3379,XIY
3380,ULN
3382,KMG
3383,XMN
3384,KHN
3385,FOC
3386,HGH
3387,NGB
3388,NKG
3389,HFE
3390,TAO
3391,SHA
3392,YNT
3393,CKG
3394,KWE
3395,CTU
3396,XIC
3397,KHG
3398,HTN
3399,URC
3400,HRB
3404,DLC
3406,PVG
3407,TOD
3408,SZB
3409,NTQ
3410,HBE
3411,BTI
3413,LUR
3414,PIZ
3415,ITO
3417,BTT
3420,FYU
3423,TLJ
3426,SNP
3429,ILI
3430,PTU
3437,FSM
3442,GFK
3445,HNM
3446,PRC
3447,TTN
3448,BOS
3453,OAK
3454,OMA
3456,OGG
3457,ICT
3458,MCI
3459,MSN
3460,DLG
3461,HRO
3462,PHX
3463,BGR
3465,GGG
3467,GEG
3469,SFO
3472,GNV
3473,MEM
3484,LAX
3486,CLE
3488,CVG
3491,HON
3492,JNU
3493,LFT
3494,EWR
3495,BOI
3497,GCK
3498,MOT
3502,DAL
3504,HLN
3513,LCH
3514,KOA
3515,MYR
3517,ACK
3520,DCA
3524,ACY
3527,PUB
3528,PQI
3531,ADQ
3533,FLL
3535,INL
3536,SLC
3542,MDT
3543,LNK
3544,LAN
3545,MUE
3546,MSS
3550,IAH
3558,BFL
3559,ELP
3560,HRL
3561,CAE
3564,PNS
3566,HOU
3570,PIT
3571,BRW
3576,MIA
3577,SEA
3578,CHA
3580,JAN
3582,LGB
3584,IPT
3585,IND
3589,HPN
3591,JBR
3596,YUM
3597,CNM
3598,DLH
3599,BET
3602,LIH
3604,HVR
3608,RIC
3609,SHV
3610,CDV
3611,ORF
3612,BPT
3613,SAV
3615,OME
3616,SPB
3617,PIE
3620,SCC
3621,SAT
3622,ROC
3626,RDU
3627,DAY
3628,ENA
3630,IAG
3633,PHF
3636,TUS
3641,PVD
3642,SBY
3644,BUR
3645,DTW
3646,TPA
3650,HIB
3652,MAF
3653,GRB
3658,AGS
3659,ISN
3660,LIT
3661,SWF
3664,HOM
3665,TBN
3670,DFW
3671,MLB
3673,AUS
3674,LCK
3676,TYS
3678,STL
3680,SPS
3681,LUK
3685,GRR
3687,FAT
3689,IPL
3690,BNA
3691,LRD
3693,OTZ
3694,AOO
3696,ELD
3697,LGA
3698,TLH
3700,ACT
3701,AUG
3704,MKL
3705,MKK
3708,SJT
3710,CIC
3711,BTV
3712,JAX
3713,DRO
3714,IAD
3715,CLL
3717,MKE
3718,ABI
3719,COU
3720,PDX
3722,PBI
3724,OGS
3726,BFI
3728,HNL
3729,DSM
3730,EWN
3731,SAN
3732,MLU
3734,ONT
3736,ROW
3738,BRO
3743,FMN
3744,CRP
3745,SYR
3747,MDW
3748,SJC
3749,HOB
3751,DEN
3752,PHL
3753,SUX
3754,MCN
3759,CMH
3764,GAL
3770,TXK
3771,PBG
3774,ANC
3775,GRK
3777,BLI
3782,MOB
3784,SAF
3790,BLV
3793,RSW
3794,AKN
3796,JHM
3797,JFK
3804,CYS
3805,SCK
3806,CHS
3807,RNO
3808,KTN
3811,BHM
3816,MOD
3817,SMF
3819,COS
3820,BUF
3824,CDC
3825,BDL
3826,MFE
3829,LBB
3830,ORD
3832,FAI
3838,ART
3839,PSP
3840,AMA
3841,FOD
3845,ILM
3846,BTR
3848,TYR
3849,BWI
3851,LNY
3852,AEX
3854,CDB
3855,TUL
3856,SIT
3857,ISP
3858,MSP
3859,ILG
3860,DUT
3862,PWM
3863,OKC
3864,ALB
3865,VDZ
3867,SNA
3872,CPR
3873,VPS
3875,EYW
3876,CLT
3877,LAS
3878,MCO
3879,FLO
3880,GTF
3881,YNG
3885,BKK
3890,KDI
3894,MLG
3896,BDO
3898,JOG
3901,SRG
3903,BTH
3904,TJQ
3905,PGK
3906,TNJ
3908,BDJ
3910,PKN
3911,PKY
3913,MOF
3914,ENE
3916,KOE
3917,LBJ
3919,BPN
3920,TRK
3921,SRI
3924,BMU
3927,WGP
3928,SUB
3929,SOC
3931,CNX
3932,CEI
3933,NST
3940,DPS
3936,KOP
3937,UBP
3938,KKC
3939,THS
3941,ATH
3942,NGO
3943,UKB
3944,PUW
3945,LWS
3946,ELM
3947,ITH
3948,MRY
3949,SBA
3950,DAB
3953,RIX
3956,KUN
3958,PLQ
3959,VNO
3964,EVN
3967,ASM
3968,MSW
3974,RIY
3971,BUS
3972,KUT
3973,TBS
3975,TAI
3976,HOD
3977,ADE
3978,AXK
3979,AAY
3980,SAH
3986,FMM
3984,SCT
3987,NAV
3988,EZE
3989,EBL
3990,EMD
3992,KIX
3994,TAG
3995,JAV
3996,JCH
3997,JEG
3998,PMI
3999,DRW
4000,URT
4001,NYU
4002,MPH
4006,HVN
4007,AVL
4008,GSO
4009,FSD
4010,AYQ
4011,MHT
4012,APF
4013,RDN
4014,SDF
4015,CHO
4016,ROA
4017,LEX
4018,EVV
4019,ABQ
4020,BZN
4021,BIL
4022,BTM
4023,TVC
4024,FRS
4025,BHB
4026,RKD
4027,JAC
4028,RFD
4029,DME
4030,SYX
4033,LJG
4034,GSP
4037,BMI
4038,GPT
4039,AZO
4040,TOL
4041,FWA
4042,DEC
4043,CID
4044,LSE
4045,CWA
4046,PIA
4047,ATW
4048,RST
4049,CMI
4050,MHK
4051,KGC
4052,HVB
4053,BSL
4054,DLU
4055,JHG
4056,MZV
4057,SSH
4058,FKL
4059,NBO
4061,FTE
4062,ARM
4063,GJT
4064,SGU
4067,SRQ
4069,BDA
4072,MLI
4074,HIR
4075,PPT
4076,INU
4077,FUN
4078,OVB
4081,XKH
4082,HUI
4083,BIS
4084,TEX
4085,INC
4086,HGN
4087,RAP
4088,CLD
4089,FNT
4090,DVO
4091,FNC
4092,STM
4093,KOS
4095,NPE
4097,LXA
4098,RDD
4099,EUG
4100,IDA
4101,MFR
4103,RDM
4105,WDH
4106,YWH
4107,CXH
4108,TNA
4109,CZX
4110,YBP
4111,TJM
4112,CAK
4113,HSV
4114,PKB
4115,MGM
4116,TRI
4117,PAH
4118,KUF
4119,JIB
4120,HAK
4127,FCA
4124,PGA
4125,UII
4126,SNV
4128,MBS
4129,BGM
4130,BGW
4131,NNT
4132,ROI
4133,BFV
4134,UNN
4135,TDX
4140,CRK
4141,SDK
4142,LXG
4143,ODY
4144,SHE
4145,DOY
4146,MNI
4147,PSG
4148,LYA
4149,XUZ
4150,IFN
4153,DLI
4154,VDH
4155,VKG
4156,CAH
4157,VCL
4158,TBB
4159,PYY
4161,NSI
4162,CKY
4166,FKB
4167,SFB
4168,PQC
4169,JST
4183,TMI
4188,DHI
4189,MWX
4190,JTY
4191,JIK
4192,JKL
4193,MLO
4194,JNX
4195,PAS
4196,KZS
4197,RMF
4198,NRN
4199,USU
4200,BXU
4201,DPL
4202,LAO
4203,LGP
4204,OZC
6510,ZQW
4206,CEB
4209,BPS
4214,PMW
4215,CLV
4216,MSO
4217,BKQ
4218,BDB
4223,CVN
4235,KDM
4237,YWJ
4238,ZFN
4239,YGH
4242,TAH
4244,YPC
4247,SRZ
4248,KUS
4249,SAB
4250,EGE
4252,SKN
4256,LAW
4261,FLG
4263,TWF
4264,MCM
4265,MVY
4271,STC
4274,GOJ
4276,ERI
4278,HYA
4279,SPR
4284,MGW
4285,CRW
4286,AVP
4287,BJI
4291,BNK
4292,FAR
6505,AZA
4296,GCC
4297,TOF
4300,CJM
4301,JZH
4302,SWA
4304,GEO
4305,AGT
4306,OGL
4308,DNH
4309,AOI
4312,CPO
4313,TCP
4314,LYB
4315,BJV
4317,SAW
4318,SCE
4319,BME
4320,NTL
4322,KLU
4325,HFT
4326,HVG
4327,MEH
4328,VDS
4330,IKA
4331,MHD
4334,MDG
4336,SPI
4338,CEZ
4339,HDN
4341,LBL
4344,COD
4345,HOV
4347,ISC
4348,SGF
4349,NVK
4350,BVG
4352,NSK
4353,AAQ
4354,JLN
4355,ABE
4356,XNA
4357,GUW
4358,KZO
4359,SBN
4362,ARH
4363,RTW
4364,NUX
4365,NOJ
4367,SCO
4368,UCT
4369,USK
4370,PEX
4371,NNM
4374,KJA
4375,KGF
4380,CGQ
4381,KIJ
4384,ACV
4385,ATT
4386,OAJ
4388,DBQ
4389,FDE
6092,PYJ
6090,NAJ
6089,KVD
6086,UKK
6073,JPR
6066,CJA
6055,EYP
6047,ESM
6040,RIA
6036,LEC
6034,JDO
6025,MBT
6024,CRM
6013,JOL
6012,CGM
6008,CJJ
6007,HIN
6005,WJU
6003,KUV
6002,MYE
6001,SYO
6000,ONJ
5999,FKS
5998,IWJ
5997,NKM
5996,HSG
5995,OKD
5994,KUH
5984,TFI
5980,LSA
5979,LNV
5969,WRG
5968,VAK
5967,ANI
5966,MOU
5965,MCG
5964,KLG
5963,HNS
5962,HCR
5961,SGY
5960,GST
5959,ADK
5958,SAX
5957,OTD
5955,BFQ
5954,GXF
5952,ISU
5951,TUK
5949,KDU
5943,DSK
5942,DEA
5941,DBA
5940,CJL
5939,BHV
5937,AAN
5936,OMH
5935,ADU
5934,LRR
5933,SRY
5932,NSH
5931,AFZ
5930,BJB
5928,BXR
5927,KHD
5925,AJF
5924,DWD
5921,ILP
5920,BMY
5919,TGJ
5918,IPA
5917,FTA
5916,DLY
5915,AWD
5914,AUY
5912,SWJ
5911,VLS
5910,ULB
5909,TGH
5908,SON
5906,ZGU
5905,NUS
5904,LNE
5903,MWF
5902,LNB
5901,LPM
5900,PBJ
5899,SSR
5898,LOD
5897,CCV
5896,EAE
5895,TOH
5894,SLH
5893,MTV
5892,UAH
5891,UAP
5890,AUQ
5889,AHE
5885,FUT
5884,IUE
5883,VBV
5878,SVU
5877,RTA
5875,TVU
5874,LBS
5873,LKB
5869,KDV
5867,ICI
5865,MOI
5864,MUK
5862,MGS
5861,AIU
5859,CRI
5857,ATC
5855,LBP
5852,CCC
5848,SYQ
5847,PJM
5845,PBP
5844,TNO
5842,TTQ
5840,JQE
5837,JAL
5832,PEU
5810,AZS
5809,SLX
5807,GDT
5805,QUB
5804,MRA
5801,ISE
5800,ADF
5799,AJI
5798,KCM
5796,KSY
5794,BNX
5793,CVU
5787,JSY
5781,RJL
5780,ECN
5779,YKM
5777,WRL
5775,VCT
5774,UIN
5773,TUP
5772,SMX
5771,SLN
5770,SLK
5769,SHR
5768,SBP
5767,RUT
5766,RKS
5765,RHI
5762,PLN
5761,PIR
5760,PIH
5758,OWB
5757,OTH
5754,MKG
5753,LYH
5751,LNS
5750,LMT
5749,LEB
5748,LBF
5747,LBE
5746,LAR
5745,JMS
5744,IRK
5742,HTS
5741,HOT
5740,GRI
5739,GGW
5738,FAY
5737,EWB
5736,EKO
5735,EAU
5734,DUJ
5733,DDC
5732,CMX
5731,CLM
5730,CKB
5729,CIU
5728,CGI
5727,CEC
5726,BRL
5724,BKW
5723,BFF
5722,BFD
5721,ATY
5720,APN
5719,ALW
5718,ALO
5716,AHN
5714,ABR
5712,GSM
5711,DIU
5709,RUA
5703,BKZ
5702,PZU
5701,UYL
5699,LAQ
5697,TOB
5696,SRX
5695,NYK
5694,MYD
5692,ASV
5691,ATZ
5688,GLK
5687,MGQ
5686,BSA
5682,ABK
5680,GDE
5675,SFL
5674,RAI
5673,NDR
5672,EUN
5671,ESU
5670,VIL
5668,QFI
5667,QCU
5665,OXB
5659,GMZ
5653,LJA
5652,TSH
5645,ERS
5643,OMD
5642,OND
5641,LUD
5637,VPY
5632,VPE
5630,CBT
5613,SLI
5612,CIP
5604,MQP
5601,SHC
5599,HMV
5597,AGH
5596,TYF
5595,KSD
5594,HFS
5593,OSD
5592,LCJ
5591,BZG
5589,VAW
5588,SOJ
5587,SVJ
5586,SOG
5585,SDN
5584,RET
5583,RVK
5582,MQN
5581,OSY
5580,LKN
5577,CFN
5575,BRR
5572,LEQ
5571,WRY
5569,NDY
5568,SOY
5567,PPW
5566,NRL
5564,EOI
5563,CAL
5562,DSA
5556,KMS
5552,BLJ
5550,ZUM
5548,ZSJ
5547,ZRJ
5546,ZPB
5545,ZMT
5544,MSA
5543,ZKE
5539,ZEM
5538,ZBF
5535,YZG
5534,YXN
5533,YWP
5532,YVZ
5531,YTL
5529,YSK
5527,YRL
5526,YRA
5524,YQD
5523,YPW
5522,YPO
5521,YPM
5520,YPH
5516,YNC
5515,YUD
5514,YMT
5513,YMH
5512,XGR
5511,YSG
5510,YLH
5509,YLC
5508,YPJ
5507,YKQ
5506,AKV
5504,YIK
5503,YHR
5502,YHO
5501,YNS
5499,YQC
5498,YGZ
5497,YGX
5496,YGW
5495,YGT
5492,YMN
5491,YFH
5490,YFA
5489,YER
5488,YDP
5487,YCS
5485,YBX
5482,YAT
5481,YKG
5480,XKS
5479,YAG
5478,YAC
5477,TCD
5476,APO
5475,NTG
5474,ZLT
5473,ZTB
5472,YKU
5471,YHP
5470,YOG
5469,KIF
5468,XBE
5467,YNO
5466,WNN
5465,YAX
5464,SUR
5463,YLE
5461,YRG
5460,YHA
5459,YFX
5458,YWM
5457,YAA
5455,PND
5454,CUK
6945,DRK
5449,JQA
5448,JUV
5447,JHS
5446,NAQ
5445,JNS
5444,JNN
5443,JSU
5442,JJU
5441,JGO
5440,JFR
5439,CNP
5438,LLU
5437,WBM
5436,VAI
5435,RAB
5434,TBG
5433,TIZ
5432,MIS
5431,MXH
5430,MAS
5429,MDU
5428,KVG
5425,UNG
5424,HKN
5423,PNP
5422,GUR
5421,DAU
5419,BUA
5418,RBV
5417,KGE
5416,VAO
5415,RUS
5414,RNL
5412,GZO
5411,MUA
5410,SCZ
5409,IRA
5407,FRE
5406,BAS
5405,AKS
5404,ATD
6097,KXK
6095,IKS
6094,CYX
6093,CKH
6088,KSN
6085,DZN
6083,KOV
6080,VIJ
6079,NEV
6072,VIG
6069,SRA
6067,HUU
6058,RIB
6056,GYA
6054,PDA
6053,NQU
6052,LPD
6051,LQM
6046,LOH
6045,SCY
6039,VDC
6038,MII
6037,MEA
6026,RXS
6023,CYP
6022,VRC
6021,TUG
6019,BSO
6018,WNP
6016,SUG
6011,GES
6098,DYR
6102,VSG
6103,OZH
6105,HRK
6106,IFO
6107,CWC
6109,UDJ
6110,CSH
6111,CEE
6113,KSZ
6114,PES
6119,NOZ
6121,IAA
6122,GRV
6124,OGZ
6125,ESL
6129,EAR
6130,GLH
6132,IGM
6133,PSC
6134,KQA
6135,SVC
6136,LPS
6137,SLY
6138,HMA
6140,OVS
6141,IJK
6142,KVX
6143,NYM
6147,LBD
6148,AZN
6149,FEG
6150,NMA
6151,NCU
6152,UGC
6153,KSQ
6154,TMJ
6156,EGO
6159,VKT
6160,UUA
6162,CSY
6164,OSW
6165,PEZ
6166,SKX
6168,HBX
6169,KCT
6172,SHL
6173,GAU
6174,DMU
6179,BHR
6180,BDP
6182,KEP
6183,GAN
6184,HAQ
6185,KDO
6186,MAQ
6187,BMV
6188,HPH
6189,CXR
6190,VCS
6191,VCA
6192,DIN
6193,UIH
6194,PXU
6195,VII
6196,BMO
6197,TVY
6198,KAW
6200,MNU
6204,TMC
6208,DTD
6209,BEJ
6211,SMQ
6212,LUV
6215,LGL
6216,ODN
6217,MKM
6218,BKM
6219,LWY
6220,BBN
6222,KUD
6223,TKG
6225,NTX
6230,PKG
6231,KBU
6234,LPU
6235,ALH
6237,AUU
6238,BCI
6240,BVI
6241,BHQ
6242,HTI
6243,BEU
6245,BUC
6248,BQL
6249,BHS
6252,CAZ
6253,CPD
6255,CNJ
6256,CED
6258,CMA
6260,CUQ
6262,DMD
6264,DPO
6265,ELC
6266,EPR
6267,FLS
6268,GET
6269,GLT
6270,GTE
6271,GFF
6272,HID
6275,HGD
6276,JCK
6278,KNS
6281,KWM
6285,LDH
6286,IRG
6287,LSY
6289,LRE
6294,MIM
6295,MGT
6296,MNG
6297,MCV
6298,MQL
6300,MRZ
6301,MOV
6302,MYA
6303,MGB
6304,ONG
6307,NRA
6308,NAA
6309,NTN
6310,ZNE
6311,OLP
6312,PUG
6314,PBO
6315,CCK
6316,GOV
6317,PKE
6318,PLO
6319,EDR
6320,PQQ
6321,PTJ
6322,ULP
6324,RMA
6325,SGO
6329,XTG
6333,WNR
6334,WYA
6337,WIN
6338,BWT
6341,NAY
6342,CIF
6343,CIH
6344,DAT
6345,HET
6346,BAV
6347,SJW
6348,TGO
6349,HLH
6350,XIL
6351,BHY
6352,CGD
6353,DYG
6354,MXZ
6355,ZUH
6357,ZHA
6358,ENH
6359,NNY
6360,XFN
6361,YIH
6363,GOQ
6365,IQN
6366,XNN
6367,ENY
6368,UYN
6370,LTI
6371,BYN
6372,DLZ
6373,HVD
6374,MXV
6375,DIG
6376,LUM
6377,SYM
6378,ZAT
6379,KOW
6380,JDZ
6381,JIU
6382,JUZ
6383,LYG
6384,HYN
6385,LYI
6386,JJN
6387,TXN
6388,WEF
6389,WEH
6390,WUX
6391,WUS
6392,WNZ
6393,YNZ
6394,YIW
6395,HSN
6396,BPX
6397,DAX
6398,GYS
6399,LZO
6400,MIG
6401,NAO
6402,LZY
6403,WXN
6404,AKU
6406,KCA
6407,KRL
6408,KRY
6409,YIN
6410,HEK
6411,JMU
6412,JNZ
6413,NDG
6414,YNJ
6426,ORH
6427,AQG
6428,JGS
6429,SHP
6430,YCU
6431,LHW
6432,JGN
6433,DDG
6434,DSN
6435,PZI
6443,DIB
6448,GCW
6449,BLD
6456,PVC
6457,LKE
6460,SBH
6463,TZA
6476,FSZ
6477,ERM
6485,NVI
6492,QSF
6493,LRH
6494,SUN
6500,MCW
6944,JNG
6943,OHE
6940,IAR
6926,RMT
6924,UKX
6919,BNY
6916,EAT
6913,JDR
6795,COQ
6794,TRO
6793,OAG
6792,GFN
6789,YIF
6788,VQS
6787,KMV
6784,TEQ
6783,SIC
6782,MSR
6779,MPA
6778,WVB
6777,PDP
6776,SKT
6775,YVB
6773,UAS
6772,CHG
6771,WLH
6770,TGC
6769,LKH
6768,EGN
6766,PTH
6765,KVC
6763,IGG
6760,DHM
6759,CQD
6758,EGM
6757,RGS
6756,LEN
6755,DRG
6754,AFS
6753,MQM
6752,TCG
6750,LGQ
6749,PFQ
6748,IIL
6747,GBT
6746,ACP
6744,WUZ
6743,HMI
6742,SDP
6741,GOP
6740,ACR
6739,HGR
6738,QBC
6737,PJA
6735,GVR
6734,KVK
6733,CYZ
6732,TMU
6731,FON
6730,QOW
6729,ARC
6728,YTQ
6727,YPX
6725,WTK
6724,SVA
6723,SHH
6722,RBY
6721,PHO
6720,MYU
6719,KVL
6718,KSM
6717,KAL
6716,HPB
6715,GAM
6714,ATK
6713,ANV
6712,AKP
6946,AAT
6954,NZH
6955,WUA
6957,BRD
6958,LWB
6959,PGV
6960,CYF
6962,BKG
6963,TEN
6969,NBC
6972,QRW
6992,STS
7001,ASE
7002,HHH
7003,ULV
7014,HYS
7017,GPZ
7018,TVF
7029,CZH
7041,GDZ
7051,GUC
7054,MBL
7056,PGD
7059,JHW
7062,SHD
7063,DVL
7064,DIK
7065,SDY
7066,CDR
7067,AIA
7068,MCK
7070,GDV
7071,OLF
7073,ALS
7074,CNY
7076,VEL
7078,SOW
7081,MMH
7082,FRD
7083,ESD
7087,EMK
7088,UNK
7090,SHX
7091,CHU
7092,NUI
7093,EEK
7094,KUK
7095,KWT
7096,KWK
7097,MLL
7098,RSH
7099,WTL
7102,KLL
7105,CIK
7107,HUS
7108,HSL
7110,MNT
7111,NUL
7112,RMP
7113,TAL
7114,VEE
7115,WBQ
7116,CEM
7117,SHG
7118,KBC
7119,CXF
7120,IYK
7121,VIS
7122,MCE
7128,TWB
7135,AGN
7137,TKE
7138,PEC
7141,EXI
7142,HNH
7144,CGA
7145,HYL
7146,MTM
7147,KTB
7148,HYG
7150,KPB
7151,PPV
7152,WWP
7153,KCQ
7154,EGX
7155,KCL
7160,AKK
7161,KYK
7162,KLN
7163,OLH
7164,KOZ
7165,ORI
7166,ALZ
7167,AOS
7168,KKB
7169,KMY
7170,KOY
7171,KPY
7172,KPR
7173,SYB
7175,KWP
7176,KZB
7177,ABL
7178,BKC
7179,IAN
7180,OBU
7181,ORV
7182,WLK
7183,KTS
7184,ELI
7185,GLV
7186,TLA
7187,WAA
7188,WMO
7190,KKA
7191,SMK
7192,SKK
7193,WBB
7194,TNC
7195,AKB
7196,IKO
7199,AUK
7200,SXP
7201,KPN
7202,KFP
7203,NLG
7204,PML
7205,KLW
7206,KWN
7207,KOT
7208,KYU
7209,SCM
7212,NUP
7213,KKH
7214,NIB
7215,TCT
7216,PQS
7217,AKI
7218,TLT
7219,KGX
7220,AIN
7236,IRC
7237,KCC
7238,CKD
7239,RDV
7240,SLQ
7241,SRV
7242,HKB
7243,KAE
7246,MLY
7247,STG
7252,YSO
7253,YWB
7254,YTF
7255,YGV
7266,YOP
7275,ZEL
7287,DGA
7288,PLJ
7310,SSB
7313,UYU
7317,RBQ
7355,RVE
7356,LCR
7358,LMC
7359,VGZ
7364,CFB
7367,OPS
7368,GRP
7369,CMP
7370,BVS
7372,PIN
7373,BRA
7374,STZ
7375,MQH
7376,AUX
7380,DOU
7382,ROO
7383,GPB
7384,JCB
7394,RVD
7395,AAX
7396,MBZ
7397,RBB
7398,CIZ
7399,BAZ
7407,GNM
7417,JIJ
7424,MRE
7447,NBE
7450,PAF
7453,HTY
7456,RVV
7457,FUO
7459,ILD
7470,ULG
7478,BVV
7479,OHH
7480,LDG
7490,NJF
7503,FUG
7504,LCX
7505,BSD
7506,ACX
7508,HZH
7519,HJJ
7527,LNJ
7528,WNH
7530,SJL
7532,CKS
7534,ITB
7546,PGU
7547,YES
7558,ULO
7562,DIW
7563,TJU
7574,HLT
7577,RVT
7579,PVU
7584,LAM
7616,RNA
7617,CHY
7618,NNB
7634,NDU
7642,AGM
7657,MMU
7669,ECP
7695,LTX
7774,MYQ
7798,OAL
7862,TCZ
7863,UKS
7894,YUS
7895,PYC
7898,HIA
7932,NGQ
7933,CSO
7946,ZTA
7962,PUE
7976,UKA
7987,YZY
8043,ZHY
8076,DWC
8082,AEB
8130,NYT
8170,RCE
8173,WSX
8174,FBS
8199,NME
8200,OOK
8201,TNK
8202,GNU
8203,WWT
8204,ACU
8206,GHE
8207,MPP
8208,OBY
8209,VIN
8217,ZKG
8223,YZZ
8225,YAB
8227,BCV
8235,HMB
8237,POJ
8238,JTC
8239,OIA
8240,RDC
8241,SXX
8242,BYO
8243,SXO
8244,CFC
8247,ERN
8256,OLC
8257,HUW
8258,IRZ
8259,ORX
8266,GZP
8333,HUE
8355,KEW
8381,ULH
8401,LOP
8407,HDG
8414,WMI
8417,JXA
8428,EYK
8628,UMD
8630,RLK
8735,PUM
8740,RGK
8774,LLK
8775,GBB
8781,JIQ
8782,DEE
8826,NBS
8832,LUZ
8845,LLF
8858,TVS
8876,YTY
8889,THQ
8892,GKK
8914,RHD
8921,KGT
8924,VUS
8944,ODO
8949,HRI
8961,XSB
8962,ZDY
8979,JGD
9025,BFJ
9026,ULK
9043,IGD
9044,GNY
9045,KZR
9090,BQB
9107,YIC
9135,THD
